filename;broken;empty;animal
dataset/1/PICT0002.JPG;0;1;0
dataset/1/PICT0003.JPG;0;1;0
dataset/1/PICT0004.JPG;0;0;1
dataset/1/PICT0005.JPG;0;0;1
dataset/1/PICT0007.JPG;0;0;1
dataset/1/PICT0008.JPG;0;0;1
dataset/1/PICT0009.JPG;0;0;1
dataset/1/PICT0010.JPG;0;1;0
dataset/1/PICT0011.JPG;0;1;0
dataset/1/PICT0012.JPG;0;1;0
dataset/1/PICT0013.JPG;0;1;0
dataset/1/PICT0014.JPG;0;1;0
dataset/1/PICT0015.JPG;0;1;0
dataset/1/PICT0016.JPG;0;1;0
dataset/1/PICT0017.JPG;0;1;0
dataset/1/PICT0018.JPG;0;1;0
dataset/1/PICT0019.JPG;0;1;0
dataset/1/PICT0020.JPG;0;1;0
dataset/1/PICT0021.JPG;0;1;0
dataset/1/PICT0022.JPG;0;0;1
dataset/1/PICT0023.JPG;0;1;0
dataset/1/PICT0024.JPG;0;1;0
dataset/1/PICT0025.JPG;0;0;1
dataset/1/PICT0026.JPG;0;0;1
dataset/1/PICT0027.JPG;0;0;1
dataset/1/PICT0028.JPG;0;1;0
dataset/1/PICT0029.JPG;0;1;0
dataset/1/PICT0030.JPG;0;1;0
dataset/1/PICT0031.JPG;0;1;0
dataset/1/PICT0032.JPG;0;1;0
dataset/1/PICT0033.JPG;0;1;0
dataset/1/PICT0034.JPG;0;1;0
dataset/1/PICT0035.JPG;0;1;0
dataset/1/PICT0036.JPG;0;1;0
dataset/1/PICT0037.JPG;0;1;0
dataset/1/PICT0038.JPG;0;1;0
dataset/1/PICT0039.JPG;0;1;0
dataset/1/PICT0040.JPG;0;1;0
dataset/1/PICT0041.JPG;0;1;0
dataset/1/PICT0042.JPG;0;1;0
dataset/1/PICT0043.JPG;1;0;0
dataset/1/PICT0044.JPG;0;1;0
dataset/1/PICT0045.JPG;1;0;0
dataset/1/PICT0046.JPG;1;0;0
dataset/1/PICT0047.JPG;1;0;0
dataset/1/PICT0048.JPG;1;0;0
dataset/1/PICT0049.JPG;1;0;0
dataset/1/PICT0050.JPG;1;0;0
dataset/1/PICT0051.JPG;1;0;0
dataset/1/PICT0052.JPG;0;1;0
dataset/1/PICT0053.JPG;0;1;0
dataset/1/PICT0054.JPG;0;1;0
dataset/1/PICT0055.JPG;0;1;0
dataset/1/PICT0056.JPG;0;0;1
dataset/1/PICT0057.JPG;0;0;1
dataset/1/PICT0058.JPG;0;1;0
dataset/1/PICT0059.JPG;0;1;0
dataset/1/PICT0060.JPG;0;0;1
dataset/1/PICT0064.JPG;0;1;0
dataset/1/PICT0065.JPG;0;1;0
dataset/1/PICT0066.JPG;0;1;0
dataset/1/PICT0067.JPG;0;1;0
dataset/1/PICT0068.JPG;0;1;0
dataset/1/PICT0069.JPG;0;1;0
dataset/1/PICT0070.JPG;0;1;0
dataset/1/PICT0071.JPG;0;1;0
dataset/1/PICT0072.JPG;0;1;0
dataset/1/PICT0073.JPG;0;1;0
dataset/1/PICT0074.JPG;0;1;0
dataset/1/PICT0075.JPG;0;1;0
dataset/1/PICT0076.JPG;0;1;0
dataset/1/PICT0077.JPG;0;0;1
dataset/1/PICT0078.JPG;0;1;0
dataset/1/PICT0079.JPG;0;1;0
dataset/1/PICT0080.JPG;0;1;0
dataset/1/PICT0081.JPG;0;1;0
dataset/1/PICT0082.JPG;0;1;0
dataset/1/PICT0083.JPG;0;1;0
dataset/1/PICT0084.JPG;0;1;0
dataset/1/PICT0085.JPG;0;1;0
dataset/1/PICT0086.JPG;0;1;0
dataset/1/PICT0087.JPG;0;1;0
dataset/1/PICT0088.JPG;0;0;1
dataset/1/PICT0089.JPG;0;0;1
dataset/1/PICT0090.JPG;0;0;1
dataset/1/PICT0091.JPG;0;1;0
dataset/1/PICT0092.JPG;0;1;0
dataset/1/PICT0093.JPG;0;1;0
dataset/1/PICT0094.JPG;0;1;0
dataset/1/PICT0095.JPG;0;1;0
dataset/1/PICT0096.JPG;0;1;0
dataset/1/PICT0097.JPG;0;0;1
dataset/1/PICT0098.JPG;0;1;0
dataset/1/PICT0099.JPG;0;0;1
dataset/1/PICT0100.JPG;0;1;0
dataset/1/PICT0101.JPG;0;1;0
dataset/1/PICT0102.JPG;0;1;0
dataset/1/PICT0103.JPG;0;1;0
dataset/1/PICT0104.JPG;0;1;0
dataset/1/PICT0105.JPG;0;1;0
dataset/1/PICT0106.JPG;0;1;0
dataset/1/PICT0107.JPG;0;1;0
dataset/1/PICT0108.JPG;0;1;0
dataset/1/PICT0109.JPG;0;1;0
dataset/1/PICT0110.JPG;0;1;0
dataset/1/PICT0111.JPG;0;1;0
dataset/1/PICT0112.JPG;0;1;0
dataset/1/PICT0113.JPG;0;1;0
dataset/1/PICT0114.JPG;0;1;0
dataset/1/PICT0115.JPG;0;1;0
dataset/1/PICT0116.JPG;0;1;0
dataset/1/PICT0117.JPG;0;1;0
dataset/1/PICT0118.JPG;0;1;0
dataset/1/PICT0119.JPG;0;1;0
dataset/1/PICT0120.JPG;0;1;0
dataset/1/PICT0121.JPG;0;1;0
dataset/1/PICT0122.JPG;0;1;0
dataset/1/PICT0123.JPG;0;1;0
dataset/1/PICT0124.JPG;0;1;0
dataset/1/PICT0125.JPG;0;1;0
dataset/1/PICT0126.JPG;0;1;0
dataset/1/PICT0127.JPG;0;0;1
dataset/1/PICT0128.JPG;0;1;0
dataset/1/PICT0129.JPG;0;1;0
dataset/1/PICT0130.JPG;0;1;0
dataset/1/PICT0131.JPG;0;1;0
dataset/1/PICT0132.JPG;0;1;0
dataset/1/PICT0133.JPG;0;1;0
dataset/1/PICT0134.JPG;0;1;0
dataset/1/PICT0135.JPG;0;1;0
dataset/1/PICT0136.JPG;0;0;1
dataset/1/PICT0137.JPG;0;0;1
dataset/1/PICT0138.JPG;0;0;1
dataset/1/PICT0139.JPG;0;1;0
dataset/1/PICT0140.JPG;0;1;0
dataset/1/PICT0141.JPG;0;1;0
dataset/1/PICT0142.JPG;0;1;0
dataset/1/PICT0143.JPG;0;1;0
dataset/1/PICT0144.JPG;0;1;0
dataset/1/PICT0145.JPG;0;0;1
dataset/1/PICT0146.JPG;0;1;0
dataset/1/PICT0147.JPG;0;1;0
dataset/1/PICT0148.JPG;0;0;1
dataset/1/PICT0149.JPG;0;1;0
dataset/1/PICT0150.JPG;0;0;1
dataset/1/PICT0151.JPG;0;1;0
dataset/1/PICT0152.JPG;0;1;0
dataset/1/PICT0153.JPG;0;1;0
dataset/1/PICT0154.JPG;0;1;0
dataset/1/PICT0155.JPG;0;1;0
dataset/1/PICT0156.JPG;0;1;0
dataset/1/PICT0157.JPG;0;1;0
dataset/1/PICT0158.JPG;0;1;0
dataset/1/PICT0159.JPG;0;1;0
dataset/1/PICT0160.JPG;0;1;0
dataset/1/PICT0161.JPG;0;1;0
dataset/1/PICT0162.JPG;0;1;0
dataset/1/PICT0163.JPG;0;1;0
dataset/1/PICT0164.JPG;0;1;0
dataset/1/PICT0165.JPG;0;1;0
dataset/1/PICT0166.JPG;1;0;0
dataset/1/PICT0167.JPG;1;0;0
dataset/1/PICT0168.JPG;1;0;0
dataset/1/PICT0169.JPG;0;1;0
dataset/1/PICT0170.JPG;0;1;0
dataset/1/PICT0171.JPG;0;1;0
dataset/1/PICT0172.JPG;0;1;0
dataset/1/PICT0173.JPG;0;1;0
dataset/1/PICT0174.JPG;0;1;0
dataset/1/PICT0175.JPG;0;1;0
dataset/1/PICT0176.JPG;0;1;0
dataset/1/PICT0177.JPG;0;1;0
dataset/1/PICT0178.JPG;0;0;1
dataset/1/PICT0179.JPG;0;0;1
dataset/1/PICT0180.JPG;0;0;1
dataset/1/PICT0181.JPG;0;0;1
dataset/1/PICT0182.JPG;0;0;1
dataset/1/PICT0183.JPG;0;1;0
dataset/1/PICT0184.JPG;0;1;0
dataset/1/PICT0185.JPG;0;1;0
dataset/1/PICT0186.JPG;0;0;1
dataset/1/PICT0187.JPG;0;0;1
dataset/1/PICT0188.JPG;0;0;1
dataset/1/PICT0189.JPG;0;0;1
dataset/1/PICT0190.JPG;0;0;1
dataset/1/PICT0191.JPG;0;0;1
dataset/1/PICT0192.JPG;0;0;1
dataset/1/PICT0193.JPG;0;0;1
dataset/1/PICT0194.JPG;0;0;1
dataset/1/PICT0195.JPG;0;0;1
dataset/1/PICT0196.JPG;0;0;1
dataset/1/PICT0197.JPG;0;0;1
dataset/1/PICT0198.JPG;0;0;1
dataset/1/PICT0199.JPG;0;0;1
dataset/1/PICT0200.JPG;0;0;1
dataset/1/PICT0201.JPG;0;0;1
dataset/1/PICT0202.JPG;0;1;0
dataset/1/PICT0203.JPG;0;0;1
dataset/1/PICT0204.JPG;0;1;0
dataset/1/PICT0205.JPG;0;1;0
dataset/1/PICT0206.JPG;0;1;0
dataset/1/PICT0207.JPG;0;1;0
dataset/1/PICT0208.JPG;0;1;0
dataset/1/PICT0209.JPG;0;1;0
dataset/1/PICT0210.JPG;0;1;0
dataset/1/PICT0211.JPG;0;1;0
dataset/1/PICT0212.JPG;0;1;0
dataset/1/PICT0213.JPG;0;1;0
dataset/1/PICT0214.JPG;0;1;0
dataset/1/PICT0215.JPG;0;1;0
dataset/1/PICT0216.JPG;0;1;0
dataset/1/PICT0217.JPG;0;0;1
dataset/1/PICT0218.JPG;0;0;1
dataset/1/PICT0219.JPG;0;0;1
dataset/1/PICT0220.JPG;0;1;0
dataset/1/PICT0221.JPG;0;1;0
dataset/1/PICT0222.JPG;0;1;0
dataset/1/PICT0223.JPG;0;0;1
dataset/1/PICT0224.JPG;0;1;0
dataset/1/PICT0225.JPG;0;1;0
dataset/1/PICT0226.JPG;0;0;1
dataset/1/PICT0227.JPG;0;0;1
dataset/1/PICT0228.JPG;0;0;1
dataset/1/PICT0229.JPG;0;1;0
dataset/1/PICT0230.JPG;0;1;0
dataset/1/PICT0231.JPG;0;1;0
dataset/1/PICT0232.JPG;0;1;0
dataset/1/PICT0233.JPG;0;1;0
dataset/1/PICT0234.JPG;0;1;0
dataset/1/PICT0235.JPG;0;1;0
dataset/1/PICT0236.JPG;0;1;0
dataset/1/PICT0237.JPG;0;1;0
dataset/1/PICT0238.JPG;0;1;0
dataset/1/PICT0239.JPG;0;1;0
dataset/1/PICT0240.JPG;0;0;1
dataset/1/PICT0241.JPG;0;1;0
dataset/1/PICT0242.JPG;0;1;0
dataset/1/PICT0243.JPG;0;0;1
dataset/1/PICT0244.JPG;0;1;0
dataset/1/PICT0245.JPG;0;1;0
dataset/1/PICT0246.JPG;0;1;0
dataset/1/PICT0247.JPG;0;1;0
dataset/1/PICT0248.JPG;0;1;0
dataset/1/PICT0249.JPG;0;1;0
dataset/1/PICT0250.JPG;0;1;0
dataset/1/PICT0251.JPG;0;1;0
dataset/1/PICT0252.JPG;0;1;0
dataset/1/PICT0253.JPG;0;1;0
dataset/1/PICT0254.JPG;0;1;0
dataset/1/PICT0255.JPG;0;1;0
dataset/1/PICT0256.JPG;0;1;0
dataset/1/PICT0257.JPG;0;1;0
dataset/1/PICT0258.JPG;0;1;0
dataset/1/PICT0259.JPG;1;0;0
dataset/1/PICT0260.JPG;0;1;0
dataset/1/PICT0261.JPG;1;0;0
dataset/1/PICT0262.JPG;0;1;0
dataset/1/PICT0263.JPG;0;1;0
dataset/1/PICT0264.JPG;0;1;0
dataset/1/PICT0265.JPG;0;0;1
dataset/1/PICT0266.JPG;0;0;1
dataset/1/PICT0267.JPG;0;0;1
dataset/1/PICT0268.JPG;0;1;0
dataset/1/PICT0269.JPG;0;1;0
dataset/1/PICT0270.JPG;0;1;0
dataset/1/PICT0271.JPG;0;1;0
dataset/1/PICT0272.JPG;0;1;0
dataset/1/PICT0273.JPG;0;1;0
dataset/1/PICT0274.JPG;0;0;1
dataset/1/PICT0275.JPG;0;0;1
dataset/1/PICT0276.JPG;0;0;1
dataset/1/PICT0277.JPG;0;0;1
dataset/1/PICT0278.JPG;0;0;1
dataset/1/PICT0279.JPG;0;0;1
dataset/1/PICT0280.JPG;0;0;1
dataset/1/PICT0281.JPG;0;0;1
dataset/1/PICT0282.JPG;0;0;1
dataset/1/PICT0283.JPG;0;0;1
dataset/1/PICT0284.JPG;0;0;1
dataset/1/PICT0285.JPG;0;0;1
dataset/1/PICT0286.JPG;0;0;1
dataset/1/PICT0287.JPG;0;0;1
dataset/1/PICT0288.JPG;0;0;1
dataset/1/PICT0289.JPG;0;1;0
dataset/1/PICT0290.JPG;0;1;0
dataset/1/PICT0291.JPG;0;0;1
dataset/1/PICT0292.JPG;0;1;0
dataset/1/PICT0293.JPG;0;1;0
dataset/1/PICT0294.JPG;0;1;0
dataset/1/PICT0295.JPG;0;1;0
dataset/1/PICT0296.JPG;0;1;0
dataset/1/PICT0297.JPG;0;1;0
dataset/1/PICT0298.JPG;0;1;0
dataset/1/PICT0299.JPG;0;1;0
dataset/1/PICT0300.JPG;0;1;0
dataset/1/PICT0301.JPG;0;1;0
dataset/1/PICT0302.JPG;0;1;0
dataset/1/PICT0303.JPG;0;1;0
dataset/1/PICT0304.JPG;0;1;0
dataset/1/PICT0305.JPG;0;1;0
dataset/1/PICT0306.JPG;0;1;0
dataset/1/PICT0307.JPG;0;1;0
dataset/1/PICT0308.JPG;0;1;0
dataset/1/PICT0309.JPG;0;1;0
dataset/1/PICT0310.JPG;1;0;0
dataset/1/PICT0311.JPG;0;1;0
dataset/1/PICT0312.JPG;1;0;0
dataset/1/PICT0313.JPG;0;1;0
dataset/1/PICT0314.JPG;0;1;0
dataset/1/PICT0315.JPG;0;1;0
dataset/1/PICT0316.JPG;0;1;0
dataset/1/PICT0317.JPG;0;1;0
dataset/1/PICT0318.JPG;0;1;0
dataset/1/PICT0319.JPG;0;1;0
dataset/1/PICT0320.JPG;0;1;0
dataset/1/PICT0321.JPG;0;1;0
dataset/1/PICT0322.JPG;0;1;0
dataset/1/PICT0323.JPG;0;1;0
dataset/1/PICT0324.JPG;0;1;0
dataset/1/PICT0325.JPG;0;1;0
dataset/1/PICT0326.JPG;0;1;0
dataset/1/PICT0327.JPG;0;1;0
dataset/1/PICT0328.JPG;0;1;0
dataset/1/PICT0329.JPG;0;1;0
dataset/1/PICT0330.JPG;0;1;0
dataset/1/PICT0331.JPG;0;1;0
dataset/1/PICT0332.JPG;0;1;0
dataset/1/PICT0333.JPG;0;1;0
dataset/1/PICT0334.JPG;0;1;0
dataset/1/PICT0335.JPG;0;1;0
dataset/1/PICT0336.JPG;0;1;0
dataset/1/PICT0337.JPG;0;1;0
dataset/1/PICT0338.JPG;0;1;0
dataset/1/PICT0339.JPG;0;1;0
dataset/1/PICT0340.JPG;0;1;0
dataset/1/PICT0341.JPG;0;1;0
dataset/1/PICT0342.JPG;0;1;0
dataset/1/PICT0343.JPG;0;1;0
dataset/1/PICT0344.JPG;0;1;0
dataset/1/PICT0345.JPG;0;1;0
dataset/1/PICT0346.JPG;0;1;0
dataset/1/PICT0347.JPG;0;1;0
dataset/1/PICT0348.JPG;0;1;0
dataset/1/PICT0349.JPG;0;1;0
dataset/1/PICT0350.JPG;0;1;0
dataset/1/PICT0351.JPG;0;1;0
dataset/1/PICT0352.JPG;0;1;0
dataset/1/PICT0353.JPG;0;1;0
dataset/1/PICT0354.JPG;0;1;0
dataset/1/PICT0355.JPG;0;1;0
dataset/1/PICT0356.JPG;0;1;0
dataset/1/PICT0357.JPG;0;1;0
dataset/1/PICT0358.JPG;0;1;0
dataset/1/PICT0359.JPG;0;1;0
dataset/1/PICT0360.JPG;0;1;0
dataset/1/PICT0361.JPG;0;1;0
dataset/1/PICT0362.JPG;0;0;1
dataset/1/PICT0363.JPG;0;1;0
dataset/1/PICT0364.JPG;0;0;1
dataset/1/PICT0365.JPG;0;0;1
dataset/1/PICT0366.JPG;0;0;1
dataset/1/PICT0367.JPG;0;1;0
dataset/1/PICT0368.JPG;0;1;0
dataset/1/PICT0369.JPG;0;1;0
dataset/1/PICT0370.JPG;0;1;0
dataset/1/PICT0371.JPG;0;1;0
dataset/1/PICT0372.JPG;0;1;0
dataset/1/PICT0373.JPG;0;1;0
dataset/1/PICT0374.JPG;0;1;0
dataset/1/PICT0375.JPG;0;1;0
dataset/1/PICT0376.JPG;0;1;0
dataset/1/PICT0377.JPG;0;1;0
dataset/1/PICT0378.JPG;0;1;0
dataset/1/PICT0379.JPG;0;1;0
dataset/1/PICT0380.JPG;0;1;0
dataset/1/PICT0381.JPG;0;1;0
dataset/1/PICT0382.JPG;0;0;1
dataset/1/PICT0383.JPG;0;0;1
dataset/1/PICT0384.JPG;0;0;1
dataset/1/PICT0385.JPG;1;0;0
dataset/1/PICT0386.JPG;0;0;1
dataset/1/PICT0387.JPG;0;0;1
dataset/1/PICT0388.JPG;1;0;0
dataset/1/PICT0389.JPG;1;0;0
dataset/1/PICT0390.JPG;1;0;0
dataset/1/PICT0391.JPG;0;0;1
dataset/1/PICT0392.JPG;0;0;1
dataset/1/PICT0393.JPG;0;0;1
dataset/1/PICT0394.JPG;0;1;0
dataset/1/PICT0395.JPG;0;1;0
dataset/1/PICT0396.JPG;0;1;0
dataset/1/PICT0397.JPG;0;1;0
dataset/1/PICT0398.JPG;0;1;0
dataset/1/PICT0399.JPG;0;1;0
dataset/1/PICT0400.JPG;0;1;0
dataset/1/PICT0401.JPG;0;1;0
dataset/1/PICT0402.JPG;0;1;0
dataset/1/PICT0403.JPG;0;1;0
dataset/1/PICT0404.JPG;0;1;0
dataset/1/PICT0405.JPG;0;1;0
dataset/1/PICT0406.JPG;0;1;0
dataset/1/PICT0407.JPG;0;1;0
dataset/1/PICT0408.JPG;0;1;0
dataset/1/PICT0409.JPG;1;0;0
dataset/1/PICT0410.JPG;1;0;0
dataset/1/PICT0411.JPG;1;0;0
dataset/1/PICT0412.JPG;0;1;0
dataset/1/PICT0413.JPG;1;0;0
dataset/1/PICT0414.JPG;1;0;0
dataset/1/PICT0415.JPG;0;1;0
dataset/1/PICT0416.JPG;0;1;0
dataset/1/PICT0417.JPG;0;1;0
dataset/1/PICT0418.JPG;0;1;0
dataset/1/PICT0419.JPG;0;1;0
dataset/1/PICT0420.JPG;0;1;0
dataset/1/PICT0421.JPG;1;0;0
dataset/1/PICT0422.JPG;1;0;0
dataset/1/PICT0423.JPG;1;0;0
dataset/1/PICT0424.JPG;0;1;0
dataset/1/PICT0425.JPG;0;1;0
dataset/1/PICT0426.JPG;0;1;0
dataset/1/PICT0427.JPG;1;0;0
dataset/1/PICT0428.JPG;1;0;0
dataset/1/PICT0429.JPG;1;0;0
dataset/1/PICT0430.JPG;1;0;0
dataset/1/PICT0431.JPG;1;0;0
dataset/1/PICT0432.JPG;1;0;0
dataset/1/PICT0433.JPG;0;0;1
dataset/1/PICT0434.JPG;0;0;1
dataset/1/PICT0435.JPG;0;0;1
dataset/1/PICT0437.JPG;0;1;0
dataset/1/PICT0438.JPG;0;1;0
dataset/1/PICT0439.JPG;0;1;0
dataset/1/PICT0440.JPG;0;1;0
dataset/1/PICT0441.JPG;0;1;0
dataset/1/PICT0442.JPG;1;0;0
dataset/1/PICT0443.JPG;1;0;0
dataset/1/PICT0444.JPG;1;0;0
dataset/1/PICT0445.JPG;0;1;0
dataset/1/PICT0446.JPG;0;1;0
dataset/1/PICT0447.JPG;0;1;0
dataset/1/PICT0448.JPG;0;1;0
dataset/1/PICT0449.JPG;0;1;0
dataset/1/PICT0450.JPG;0;1;0
dataset/1/PICT0451.JPG;0;1;0
dataset/1/PICT0452.JPG;0;1;0
dataset/1/PICT0453.JPG;0;1;0
dataset/1/PICT0454.JPG;0;1;0
dataset/1/PICT0455.JPG;0;1;0
dataset/1/PICT0456.JPG;0;1;0
dataset/1/PICT0457.JPG;0;1;0
dataset/1/PICT0458.JPG;0;1;0
dataset/1/PICT0459.JPG;0;1;0
dataset/1/PICT0460.JPG;0;1;0
dataset/1/PICT0461.JPG;0;1;0
dataset/1/PICT0462.JPG;0;1;0
dataset/1/PICT0463.JPG;0;1;0
dataset/1/PICT0464.JPG;0;1;0
dataset/1/PICT0465.JPG;0;1;0
dataset/1/PICT0466.JPG;0;1;0
dataset/1/PICT0467.JPG;0;1;0
dataset/1/PICT0468.JPG;0;1;0
dataset/1/PICT0469.JPG;0;1;0
dataset/1/PICT0470.JPG;0;1;0
dataset/1/PICT0471.JPG;0;1;0
dataset/1/PICT0472.JPG;0;1;0
dataset/1/PICT0473.JPG;0;1;0
dataset/1/PICT0474.JPG;0;1;0
dataset/1/PICT0475.JPG;0;0;1
dataset/1/PICT0476.JPG;0;1;0
dataset/1/PICT0477.JPG;0;1;0
dataset/1/PICT0478.JPG;0;1;0
dataset/1/PICT0479.JPG;0;1;0
dataset/1/PICT0480.JPG;0;1;0
dataset/1/PICT0481.JPG;1;0;0
dataset/1/PICT0482.JPG;1;0;0
dataset/1/PICT0483.JPG;1;0;0
dataset/1/PICT0484.JPG;0;0;1
dataset/1/PICT0485.JPG;0;0;1
dataset/1/PICT0486.JPG;0;0;1
dataset/1/PICT0487.JPG;0;0;1
dataset/1/PICT0488.JPG;0;0;1
dataset/1/PICT0489.JPG;0;0;1
dataset/1/PICT0490.JPG;0;0;1
dataset/1/PICT0491.JPG;0;0;1
dataset/1/PICT0492.JPG;0;0;1
dataset/1/PICT0493.JPG;0;1;0
dataset/1/PICT0494.JPG;0;1;0
dataset/1/PICT0495.JPG;0;1;0
dataset/1/PICT0496.JPG;0;0;1
dataset/1/PICT0497.JPG;0;0;1
dataset/1/PICT0498.JPG;0;0;1
dataset/1/PICT0499.JPG;0;0;1
dataset/1/PICT0500.JPG;0;0;1
dataset/1/PICT0501.JPG;0;0;1
dataset/1/PICT0502.JPG;0;0;1
dataset/1/PICT0503.JPG;0;0;1
dataset/1/PICT0504.JPG;0;0;1
dataset/1/PICT0505.JPG;0;0;1
dataset/1/PICT0506.JPG;0;0;1
dataset/1/PICT0507.JPG;0;0;1
dataset/1/PICT0508.JPG;0;0;1
dataset/1/PICT0509.JPG;0;0;1
dataset/1/PICT0510.JPG;0;0;1
dataset/1/PICT0511.JPG;0;0;1
dataset/1/PICT0512.JPG;0;1;0
dataset/1/PICT0513.JPG;0;1;0
dataset/1/PICT0514.JPG;1;0;0
dataset/1/PICT0515.JPG;1;0;0
dataset/1/PICT0516.JPG;1;0;0
dataset/1/PICT0517.JPG;0;1;0
dataset/1/PICT0518.JPG;0;1;0
dataset/1/PICT0519.JPG;0;1;0
dataset/1/PICT0520.JPG;0;0;1
dataset/1/PICT0521.JPG;0;0;1
dataset/1/PICT0522.JPG;0;0;1
dataset/1/PICT0523.JPG;0;0;1
dataset/1/PICT0524.JPG;0;1;0
dataset/1/PICT0525.JPG;0;1;0
dataset/1/PICT0526.JPG;0;1;0
dataset/1/PICT0527.JPG;0;1;0
dataset/1/PICT0528.JPG;0;1;0
dataset/1/PICT0529.JPG;0;1;0
dataset/1/PICT0530.JPG;0;1;0
dataset/1/PICT0531.JPG;0;1;0
dataset/1/PICT0532.JPG;0;1;0
dataset/1/PICT0533.JPG;0;1;0
dataset/1/PICT0534.JPG;0;1;0
dataset/1/PICT0535.JPG;0;1;0
dataset/1/PICT0536.JPG;0;1;0
dataset/1/PICT0537.JPG;0;1;0
dataset/1/PICT0538.JPG;0;1;0
dataset/1/PICT0539.JPG;0;1;0
dataset/1/PICT0540.JPG;0;1;0
dataset/1/PICT0541.JPG;0;1;0
dataset/1/PICT0542.JPG;0;1;0
dataset/1/PICT0543.JPG;0;1;0
dataset/1/PICT0544.JPG;0;1;0
dataset/1/PICT0545.JPG;0;1;0
dataset/1/PICT0546.JPG;0;1;0
dataset/1/PICT0547.JPG;0;1;0
dataset/1/PICT0548.JPG;0;0;1
dataset/1/PICT0549.JPG;0;0;1
dataset/1/PICT0550.JPG;0;1;0
dataset/1/PICT0551.JPG;0;1;0
dataset/1/PICT0552.JPG;0;1;0
dataset/1/PICT0553.JPG;0;1;0
dataset/1/PICT0554.JPG;0;1;0
dataset/1/PICT0555.JPG;0;1;0
dataset/1/PICT0556.JPG;1;0;0
dataset/1/PICT0557.JPG;1;0;0
dataset/1/PICT0558.JPG;1;0;0
dataset/1/PICT0559.JPG;1;0;0
dataset/1/PICT0560.JPG;1;0;0
dataset/1/PICT0561.JPG;1;0;0
dataset/1/PICT0562.JPG;0;1;0
dataset/1/PICT0563.JPG;0;0;1
dataset/1/PICT0564.JPG;0;0;1
dataset/1/PICT0565.JPG;0;0;1
dataset/1/PICT0566.JPG;0;0;1
dataset/1/PICT0567.JPG;0;0;1
dataset/1/PICT0568.JPG;0;0;1
dataset/1/PICT0569.JPG;0;0;1
dataset/1/PICT0570.JPG;0;0;1
dataset/1/PICT0571.JPG;0;0;1
dataset/1/PICT0572.JPG;0;0;1
dataset/1/PICT0573.JPG;0;0;1
dataset/1/PICT0574.JPG;0;0;1
dataset/1/PICT0575.JPG;0;1;0
dataset/1/PICT0576.JPG;0;1;0
dataset/1/PICT0577.JPG;0;1;0
dataset/1/PICT0578.JPG;0;1;0
dataset/1/PICT0579.JPG;0;1;0
dataset/1/PICT0580.JPG;0;1;0
dataset/1/PICT0581.JPG;0;1;0
dataset/1/PICT0582.JPG;0;1;0
dataset/1/PICT0583.JPG;0;1;0
dataset/1/PICT0584.JPG;0;1;0
dataset/1/PICT0585.JPG;0;1;0
dataset/1/PICT0586.JPG;0;1;0
dataset/1/PICT0587.JPG;0;1;0
dataset/1/PICT0588.JPG;0;1;0
dataset/1/PICT0589.JPG;0;1;0
dataset/1/PICT0590.JPG;0;1;0
dataset/1/PICT0591.JPG;0;1;0
dataset/1/PICT0592.JPG;0;1;0
dataset/1/PICT0593.JPG;0;1;0
dataset/1/PICT0594.JPG;0;1;0
dataset/1/PICT0595.JPG;0;1;0
dataset/1/PICT0596.JPG;0;1;0
dataset/1/PICT0597.JPG;0;1;0
dataset/1/PICT0598.JPG;0;1;0
dataset/1/PICT0599.JPG;0;1;0
dataset/1/PICT0600.JPG;0;1;0
dataset/1/PICT0601.JPG;0;1;0
dataset/1/PICT0602.JPG;0;1;0
dataset/1/PICT0603.JPG;0;1;0
dataset/1/PICT0604.JPG;1;0;0
dataset/1/PICT0605.JPG;1;0;0
dataset/1/PICT0606.JPG;1;0;0
dataset/1/PICT0607.JPG;0;1;0
dataset/1/PICT0608.JPG;0;1;0
dataset/1/PICT0609.JPG;0;1;0
dataset/1/PICT0610.JPG;0;1;0
dataset/1/PICT0611.JPG;0;1;0
dataset/1/PICT0612.JPG;0;1;0
dataset/1/PICT0613.JPG;0;0;1
dataset/1/PICT0614.JPG;0;0;1
dataset/1/PICT0615.JPG;0;0;1
dataset/1/PICT0616.JPG;0;0;1
dataset/1/PICT0617.JPG;0;1;0
dataset/1/PICT0618.JPG;0;1;0
dataset/1/PICT0619.JPG;0;1;0
dataset/1/PICT0620.JPG;0;1;0
dataset/1/PICT0621.JPG;0;1;0
dataset/1/PICT0622.JPG;0;1;0
dataset/1/PICT0623.JPG;0;1;0
dataset/1/PICT0624.JPG;0;1;0
dataset/1/PICT0625.JPG;0;1;0
dataset/1/PICT0626.JPG;0;1;0
dataset/1/PICT0627.JPG;0;1;0
dataset/1/PICT0628.JPG;0;1;0
dataset/1/PICT0629.JPG;0;1;0
dataset/1/PICT0630.JPG;0;1;0
dataset/1/PICT0631.JPG;0;1;0
dataset/1/PICT0632.JPG;0;1;0
dataset/1/PICT0633.JPG;0;1;0
dataset/1/PICT0634.JPG;0;1;0
dataset/1/PICT0635.JPG;0;1;0
dataset/1/PICT0636.JPG;0;1;0
dataset/1/PICT0637.JPG;0;1;0
dataset/1/PICT0638.JPG;0;1;0
dataset/1/PICT0639.JPG;0;1;0
dataset/1/PICT0640.JPG;0;1;0
dataset/1/PICT0641.JPG;0;1;0
dataset/1/PICT0642.JPG;0;1;0
dataset/1/PICT0643.JPG;0;0;1
dataset/1/PICT0644.JPG;0;0;1
dataset/1/PICT0645.JPG;0;0;1
dataset/1/PICT0646.JPG;0;1;0
dataset/1/PICT0647.JPG;0;1;0
dataset/1/PICT0648.JPG;0;1;0
dataset/1/PICT0649.JPG;0;0;1
dataset/1/PICT0650.JPG;0;1;0
dataset/1/PICT0651.JPG;0;1;0
dataset/1/PICT0652.JPG;0;1;0
dataset/1/PICT0653.JPG;0;1;0
dataset/1/PICT0654.JPG;0;1;0
dataset/1/PICT0656.JPG;0;1;0
dataset/1/PICT0657.JPG;0;1;0
dataset/1/PICT0658.JPG;0;1;0
dataset/1/PICT0659.JPG;0;1;0
dataset/1/PICT0660.JPG;0;1;0
dataset/1/PICT0661.JPG;0;1;0
dataset/1/PICT0662.JPG;0;1;0
dataset/1/PICT0663.JPG;0;1;0
dataset/1/PICT0664.JPG;0;1;0
dataset/1/PICT0665.JPG;0;1;0
dataset/1/PICT0666.JPG;0;1;0
dataset/1/PICT0667.JPG;0;1;0
dataset/1/PICT0668.JPG;0;1;0
dataset/1/PICT0669.JPG;0;1;0
dataset/1/PICT0670.JPG;0;1;0
dataset/1/PICT0671.JPG;0;1;0
dataset/1/PICT0672.JPG;0;1;0
dataset/1/PICT0673.JPG;0;1;0
dataset/1/PICT0674.JPG;0;1;0
dataset/1/PICT0675.JPG;0;1;0
dataset/1/PICT0676.JPG;0;1;0
dataset/1/PICT0677.JPG;0;1;0
dataset/1/PICT0678.JPG;0;1;0
dataset/1/PICT0679.JPG;1;0;0
dataset/1/PICT0680.JPG;1;0;0
dataset/1/PICT0681.JPG;1;0;0
dataset/1/PICT0682.JPG;0;1;0
dataset/1/PICT0683.JPG;0;1;0
dataset/1/PICT0684.JPG;0;1;0
dataset/1/PICT0685.JPG;0;0;1
dataset/1/PICT0686.JPG;0;0;1
dataset/1/PICT0687.JPG;0;0;1
dataset/1/PICT0688.JPG;0;0;1
dataset/1/PICT0689.JPG;0;0;1
dataset/1/PICT0690.JPG;0;0;1
dataset/1/PICT0691.JPG;0;0;1
dataset/1/PICT0692.JPG;0;0;1
dataset/1/PICT0693.JPG;0;0;1
dataset/1/PICT0694.JPG;0;0;1
dataset/1/PICT0695.JPG;0;0;1
dataset/1/PICT0696.JPG;0;0;1
dataset/1/PICT0697.JPG;0;0;1
dataset/1/PICT0698.JPG;0;0;1
dataset/1/PICT0699.JPG;0;0;1
dataset/1/PICT0700.JPG;0;0;1
dataset/1/PICT0701.JPG;0;0;1
dataset/1/PICT0702.JPG;0;0;1
dataset/1/PICT0703.JPG;0;0;1
dataset/1/PICT0704.JPG;0;0;1
dataset/1/PICT0705.JPG;0;0;1
dataset/1/PICT0706.JPG;0;0;1
dataset/1/PICT0707.JPG;0;0;1
dataset/1/PICT0708.JPG;0;0;1
dataset/1/PICT0709.JPG;0;1;0
dataset/1/PICT0710.JPG;0;1;0
dataset/1/PICT0711.JPG;0;1;0
dataset/1/PICT0712.JPG;0;1;0
dataset/1/PICT0713.JPG;0;1;0
dataset/1/PICT0714.JPG;0;1;0
dataset/1/PICT0715.JPG;1;0;0
dataset/1/PICT0716.JPG;0;1;0
dataset/1/PICT0717.JPG;1;0;0
dataset/1/PICT0718.JPG;1;0;0
dataset/1/PICT0719.JPG;1;0;0
dataset/1/PICT0720.JPG;1;0;0
dataset/1/PICT0721.JPG;0;1;0
dataset/1/PICT0722.JPG;0;1;0
dataset/1/PICT0723.JPG;0;1;0
dataset/1/PICT0724.JPG;1;0;0
dataset/1/PICT0725.JPG;1;0;0
dataset/1/PICT0726.JPG;1;0;0
dataset/1/PICT0727.JPG;0;1;0
dataset/1/PICT0728.JPG;0;1;0
dataset/1/PICT0729.JPG;0;1;0
dataset/1/PICT0730.JPG;0;1;0
dataset/1/PICT0731.JPG;0;1;0
dataset/1/PICT0732.JPG;0;1;0
dataset/1/PICT0733.JPG;0;1;0
dataset/1/PICT0734.JPG;0;1;0
dataset/1/PICT0735.JPG;0;1;0
dataset/1/PICT0736.JPG;0;0;1
dataset/1/PICT0737.JPG;0;1;0
dataset/1/PICT0738.JPG;0;1;0
dataset/1/PICT0739.JPG;0;1;0
dataset/1/PICT0740.JPG;0;1;0
dataset/1/PICT0741.JPG;0;1;0
dataset/1/PICT0742.JPG;0;0;1
dataset/1/PICT0743.JPG;0;0;1
dataset/1/PICT0744.JPG;0;0;1
dataset/1/PICT0745.JPG;0;1;0
dataset/1/PICT0746.JPG;0;1;0
dataset/1/PICT0747.JPG;0;1;0
dataset/1/PICT0748.JPG;0;1;0
dataset/1/PICT0749.JPG;0;1;0
dataset/1/PICT0750.JPG;0;1;0
dataset/1/PICT0751.JPG;0;1;0
dataset/1/PICT0752.JPG;0;1;0
dataset/1/PICT0753.JPG;0;1;0
dataset/1/PICT0754.JPG;0;1;0
dataset/1/PICT0755.JPG;0;1;0
dataset/1/PICT0756.JPG;0;1;0
dataset/1/PICT0757.JPG;0;0;1
dataset/1/PICT0758.JPG;0;0;1
dataset/1/PICT0759.JPG;0;0;1
dataset/1/PICT0760.JPG;0;1;0
dataset/1/PICT0761.JPG;0;0;1
dataset/1/PICT0762.JPG;0;1;0
dataset/1/PICT0763.JPG;0;1;0
dataset/1/PICT0765.JPG;0;1;0
dataset/1/PICT0766.JPG;0;1;0
dataset/1/PICT0767.JPG;0;1;0
dataset/1/PICT0768.JPG;0;1;0
dataset/1/PICT0769.JPG;0;1;0
dataset/1/PICT0770.JPG;0;1;0
dataset/1/PICT0771.JPG;0;1;0
dataset/1/PICT0772.JPG;0;1;0
dataset/1/PICT0773.JPG;0;1;0
dataset/1/PICT0774.JPG;0;1;0
dataset/1/PICT0775.JPG;0;1;0
dataset/1/PICT0776.JPG;0;1;0
dataset/1/PICT0777.JPG;0;1;0
dataset/1/PICT0778.JPG;0;1;0
dataset/1/PICT0779.JPG;0;1;0
dataset/1/PICT0780.JPG;0;1;0
dataset/1/PICT0781.JPG;0;1;0
dataset/1/PICT0782.JPG;0;1;0
dataset/1/PICT0783.JPG;0;1;0
dataset/1/PICT0784.JPG;0;1;0
dataset/1/PICT0785.JPG;0;1;0
dataset/1/PICT0786.JPG;0;1;0
dataset/1/PICT0787.JPG;0;1;0
dataset/1/PICT0788.JPG;0;1;0
dataset/1/PICT0789.JPG;0;1;0
dataset/1/PICT0790.JPG;0;1;0
dataset/1/PICT0791.JPG;0;1;0
dataset/1/PICT0792.JPG;0;1;0
dataset/1/PICT0793.JPG;1;0;0
dataset/1/PICT0794.JPG;1;0;0
dataset/1/PICT0795.JPG;1;0;0
dataset/1/PICT0797.JPG;0;1;0
dataset/1/PICT0798.JPG;0;1;0
dataset/1/PICT0799.JPG;1;0;0
dataset/1/PICT0800.JPG;1;0;0
dataset/1/PICT0801.JPG;1;0;0
dataset/1/PICT0802.JPG;1;0;0
dataset/1/PICT0803.JPG;0;1;0
dataset/1/PICT0804.JPG;0;1;0
dataset/1/PICT0805.JPG;1;0;0
dataset/1/PICT0806.JPG;1;0;0
dataset/1/PICT0807.JPG;1;0;0
dataset/1/PICT0808.JPG;0;1;0
dataset/1/PICT0809.JPG;0;1;0
dataset/1/PICT0810.JPG;0;1;0
dataset/1/PICT0811.JPG;0;1;0
dataset/1/PICT0812.JPG;0;1;0
dataset/1/PICT0813.JPG;0;1;0
dataset/1/PICT0814.JPG;1;0;0
dataset/1/PICT0815.JPG;1;0;0
dataset/1/PICT0816.JPG;1;0;0
dataset/1/PICT0817.JPG;0;1;0
dataset/1/PICT0818.JPG;0;1;0
dataset/1/PICT0819.JPG;0;1;0
dataset/1/PICT0820.JPG;1;0;0
dataset/1/PICT0821.JPG;1;0;0
dataset/1/PICT0822.JPG;1;0;0
dataset/1/PICT0823.JPG;0;1;0
dataset/1/PICT0824.JPG;0;1;0
dataset/1/PICT0825.JPG;0;1;0
dataset/1/PICT0826.JPG;0;1;0
dataset/1/PICT0827.JPG;0;1;0
dataset/1/PICT0828.JPG;0;1;0
dataset/1/PICT0829.JPG;1;0;0
dataset/1/PICT0830.JPG;1;0;0
dataset/1/PICT0831.JPG;1;0;0
dataset/1/PICT0832.JPG;1;0;0
dataset/1/PICT0833.JPG;1;0;0
dataset/1/PICT0834.JPG;1;0;0
dataset/1/PICT0835.JPG;0;1;0
dataset/1/PICT0836.JPG;0;1;0
dataset/1/PICT0837.JPG;0;1;0
dataset/1/PICT0838.JPG;1;0;0
dataset/1/PICT0839.JPG;1;0;0
dataset/1/PICT0840.JPG;1;0;0
dataset/1/PICT0841.JPG;1;0;0
dataset/1/PICT0842.JPG;0;1;0
dataset/1/PICT0843.JPG;0;1;0
dataset/1/PICT0844.JPG;0;1;0
dataset/1/PICT0845.JPG;0;1;0
dataset/1/PICT0846.JPG;0;1;0
dataset/1/PICT0847.JPG;1;0;0
dataset/1/PICT0848.JPG;1;0;0
dataset/1/PICT0849.JPG;1;0;0
dataset/1/PICT0850.JPG;0;0;1
dataset/1/PICT0851.JPG;0;0;1
dataset/1/PICT0852.JPG;0;0;1
dataset/1/PICT0853.JPG;0;0;1
dataset/1/PICT0854.JPG;0;0;1
dataset/1/PICT0855.JPG;0;0;1
dataset/1/PICT0856.JPG;0;1;0
dataset/1/PICT0857.JPG;0;0;1
dataset/1/PICT0858.JPG;0;0;1
dataset/1/PICT0859.JPG;1;0;0
dataset/1/PICT0860.JPG;1;0;0
dataset/1/PICT0861.JPG;1;0;0
dataset/1/PICT0862.JPG;0;1;0
dataset/1/PICT0863.JPG;0;1;0
dataset/1/PICT0864.JPG;0;1;0
dataset/1/PICT0865.JPG;0;0;1
dataset/1/PICT0866.JPG;0;0;1
dataset/1/PICT0867.JPG;0;0;1
dataset/1/PICT0868.JPG;0;0;1
dataset/1/PICT0869.JPG;0;0;1
dataset/1/PICT0870.JPG;0;0;1
dataset/1/PICT0871.JPG;0;1;0
dataset/1/PICT0872.JPG;0;1;0
dataset/1/PICT0873.JPG;0;0;1
dataset/1/PICT0874.JPG;0;1;0
dataset/1/PICT0875.JPG;0;1;0
dataset/1/PICT0876.JPG;0;1;0
dataset/1/PICT0877.JPG;0;1;0
dataset/1/PICT0878.JPG;0;0;1
dataset/1/PICT0879.JPG;0;0;1
dataset/1/PICT0880.JPG;0;1;0
dataset/1/PICT0881.JPG;0;1;0
dataset/1/PICT0882.JPG;0;1;0
dataset/1/PICT0883.JPG;0;1;0
dataset/1/PICT0884.JPG;0;1;0
dataset/1/PICT0885.JPG;0;1;0
dataset/1/PICT0886.JPG;0;1;0
dataset/1/PICT0887.JPG;0;1;0
dataset/1/PICT0888.JPG;0;1;0
dataset/1/PICT0889.JPG;0;1;0
dataset/1/PICT0890.JPG;0;1;0
dataset/1/PICT0891.JPG;0;1;0
dataset/1/PICT0892.JPG;0;1;0
dataset/1/PICT0893.JPG;0;1;0
dataset/1/PICT0894.JPG;0;1;0
dataset/1/PICT0895.JPG;0;1;0
dataset/1/PICT0896.JPG;0;1;0
dataset/1/PICT0897.JPG;0;1;0
dataset/1/PICT0898.JPG;0;1;0
dataset/1/PICT0899.JPG;0;0;1
dataset/1/PICT0900.JPG;0;0;1
dataset/1/PICT0901.JPG;0;1;0
dataset/1/PICT0902.JPG;0;1;0
dataset/1/PICT0903.JPG;0;1;0
dataset/1/PICT0904.JPG;0;1;0
dataset/1/PICT0905.JPG;0;1;0
dataset/1/PICT0906.JPG;0;1;0
dataset/1/PICT0907.JPG;0;0;1
dataset/1/PICT0908.JPG;0;0;1
dataset/1/PICT0909.JPG;0;0;1
dataset/1/PICT0910.JPG;0;1;0
dataset/1/PICT0911.JPG;0;1;0
dataset/1/PICT0912.JPG;0;1;0
dataset/1/PICT0913.JPG;0;1;0
dataset/1/PICT0914.JPG;0;1;0
dataset/1/PICT0915.JPG;0;1;0
dataset/1/PICT0916.JPG;0;1;0
dataset/1/PICT0917.JPG;0;1;0
dataset/1/PICT0918.JPG;0;1;0
dataset/1/PICT0919.JPG;0;1;0
dataset/1/PICT0920.JPG;0;1;0
dataset/1/PICT0921.JPG;0;1;0
dataset/1/PICT0922.JPG;0;1;0
dataset/1/PICT0923.JPG;0;1;0
dataset/1/PICT0924.JPG;0;1;0
dataset/1/PICT0925.JPG;0;1;0
dataset/1/PICT0926.JPG;0;1;0
dataset/1/PICT0927.JPG;0;1;0
dataset/1/PICT0928.JPG;1;0;0
dataset/1/PICT0929.JPG;1;0;0
dataset/1/PICT0930.JPG;1;0;0
dataset/1/PICT0931.JPG;0;1;0
dataset/1/PICT0932.JPG;0;1;0
dataset/1/PICT0933.JPG;0;1;0
dataset/1/PICT0934.JPG;0;1;0
dataset/1/PICT0935.JPG;0;1;0
dataset/1/PICT0936.JPG;0;1;0
dataset/1/PICT0937.JPG;0;1;0
dataset/1/PICT0938.JPG;0;1;0
dataset/1/PICT0939.JPG;0;1;0
dataset/1/PICT0940.JPG;0;1;0
dataset/1/PICT0941.JPG;0;1;0
dataset/1/PICT0942.JPG;0;1;0
dataset/1/PICT0943.JPG;0;1;0
dataset/1/PICT0944.JPG;0;1;0
dataset/1/PICT0945.JPG;0;1;0
dataset/1/PICT0946.JPG;1;0;0
dataset/1/PICT0947.JPG;1;0;0
dataset/1/PICT0948.JPG;1;0;0
dataset/1/PICT0949.JPG;0;1;0
dataset/1/PICT0950.JPG;0;1;0
dataset/1/PICT0951.JPG;0;1;0
dataset/1/PICT0952.JPG;0;1;0
dataset/1/PICT0953.JPG;0;1;0
dataset/1/PICT0954.JPG;0;1;0
dataset/1/PICT0955.JPG;1;0;0
dataset/1/PICT0956.JPG;1;0;0
dataset/1/PICT0957.JPG;1;0;0
dataset/1/PICT0958.JPG;0;1;0
dataset/1/PICT0959.JPG;0;1;0
dataset/1/PICT0960.JPG;0;1;0
dataset/1/PICT0961.JPG;0;1;0
dataset/1/PICT0962.JPG;0;1;0
dataset/1/PICT0963.JPG;0;1;0
dataset/1/PICT0964.JPG;0;1;0
dataset/1/PICT0965.JPG;0;1;0
dataset/1/PICT0966.JPG;0;1;0
dataset/1/PICT0967.JPG;0;1;0
dataset/1/PICT0968.JPG;0;1;0
dataset/1/PICT0969.JPG;0;1;0
dataset/1/PICT0970.JPG;0;0;1
dataset/1/PICT0971.JPG;0;0;1
dataset/1/PICT0972.JPG;0;0;1
dataset/1/PICT0973.JPG;1;0;0
dataset/1/PICT0974.JPG;1;0;0
dataset/1/PICT0975.JPG;1;0;0
dataset/1/PICT0976.JPG;1;0;0
dataset/1/PICT0977.JPG;1;0;0
dataset/1/PICT0978.JPG;1;0;0
dataset/1/PICT0979.JPG;0;1;0
dataset/1/PICT0980.JPG;0;0;1
dataset/1/PICT0981.JPG;0;0;1
dataset/1/PICT0982.JPG;0;0;1
dataset/1/PICT0983.JPG;0;0;1
dataset/1/PICT0984.JPG;0;0;1
dataset/1/PICT0985.JPG;0;0;1
dataset/1/PICT0986.JPG;0;0;1
dataset/1/PICT0987.JPG;0;0;1
dataset/1/PICT0988.JPG;0;0;1
dataset/1/PICT0989.JPG;0;1;0
dataset/1/PICT0990.JPG;0;0;1
dataset/1/PICT0991.JPG;0;0;1
dataset/1/PICT0992.JPG;0;0;1
dataset/1/PICT0993.JPG;0;1;0
dataset/1/PICT0994.JPG;0;1;0
dataset/1/PICT0995.JPG;0;1;0
dataset/1/PICT0996.JPG;0;1;0
dataset/1/PICT0997.JPG;0;1;0
dataset/1/PICT0998.JPG;0;1;0
dataset/1/PICT0999.JPG;0;1;0
dataset/2/PICT0001.JPG;1;0;0
dataset/2/PICT0002.JPG;0;1;0
dataset/2/PICT0003.JPG;0;1;0
dataset/2/PICT0007.JPG;0;1;0
dataset/2/PICT0008.JPG;0;0;1
dataset/2/PICT0009.JPG;0;0;1
dataset/2/PICT0010.JPG;0;0;1
dataset/2/PICT0011.JPG;0;1;0
dataset/2/PICT0012.JPG;0;0;1
dataset/2/PICT0014.JPG;1;0;0
dataset/2/PICT0015.JPG;1;0;0
dataset/2/PICT0016.JPG;1;0;0
dataset/2/PICT0017.JPG;1;0;0
dataset/2/PICT0018.JPG;1;0;0
dataset/2/PICT0019.JPG;1;0;0
dataset/2/PICT0020.JPG;1;0;0
dataset/2/PICT0021.JPG;1;0;0
dataset/2/PICT0022.JPG;1;0;0
dataset/2/PICT0023.JPG;1;0;0
dataset/2/PICT0024.JPG;1;0;0
dataset/2/PICT0025.JPG;1;0;0
dataset/2/PICT0026.JPG;1;0;0
dataset/2/PICT0027.JPG;1;0;0
dataset/2/PICT0028.JPG;1;0;0
dataset/2/PICT0029.JPG;1;0;0
dataset/2/PICT0030.JPG;1;0;0
dataset/2/PICT0031.JPG;1;0;0
dataset/2/PICT0032.JPG;1;0;0
dataset/2/PICT0033.JPG;1;0;0
dataset/2/PICT0034.JPG;1;0;0
dataset/2/PICT0035.JPG;1;0;0
dataset/2/PICT0036.JPG;1;0;0
dataset/2/PICT0037.JPG;1;0;0
dataset/2/PICT0038.JPG;0;1;0
dataset/2/PICT0039.JPG;1;0;0
dataset/2/PICT0040.JPG;1;0;0
dataset/2/PICT0041.JPG;1;0;0
dataset/2/PICT0042.JPG;1;0;0
dataset/2/PICT0043.JPG;1;0;0
dataset/2/PICT0044.JPG;1;0;0
dataset/2/PICT0045.JPG;1;0;0
dataset/2/PICT0046.JPG;0;1;0
dataset/2/PICT0047.JPG;0;1;0
dataset/2/PICT0048.JPG;0;1;0
dataset/2/PICT0049.JPG;1;0;0
dataset/2/PICT0050.JPG;1;0;0
dataset/2/PICT0051.JPG;1;0;0
dataset/2/PICT0052.JPG;0;1;0
dataset/2/PICT0053.JPG;0;1;0
dataset/2/PICT0054.JPG;0;1;0
dataset/2/PICT0055.JPG;1;0;0
dataset/2/PICT0056.JPG;1;0;0
dataset/2/PICT0057.JPG;1;0;0
dataset/2/PICT0058.JPG;1;0;0
dataset/2/PICT0059.JPG;1;0;0
dataset/2/PICT0060.JPG;1;0;0
dataset/2/PICT0062.JPG;1;0;0
dataset/2/PICT0063.JPG;1;0;0
dataset/2/PICT0064.JPG;0;0;1
dataset/2/PICT0065.JPG;0;0;1
dataset/2/PICT0066.JPG;0;0;1
dataset/2/PICT0067.JPG;0;0;1
dataset/2/PICT0068.JPG;0;0;1
dataset/2/PICT0069.JPG;0;0;1
dataset/2/PICT0070.JPG;0;0;1
dataset/2/PICT0071.JPG;0;0;1
dataset/2/PICT0072.JPG;0;0;1
dataset/2/PICT0073.JPG;1;0;0
dataset/2/PICT0074.JPG;0;0;1
dataset/2/PICT0075.JPG;1;0;0
dataset/2/PICT0076.JPG;0;0;1
dataset/2/PICT0077.JPG;0;0;1
dataset/2/PICT0078.JPG;0;0;1
dataset/2/PICT0079.JPG;1;0;0
dataset/2/PICT0080.JPG;1;0;0
dataset/2/PICT0081.JPG;1;0;0
dataset/2/PICT0082.JPG;1;0;0
dataset/2/PICT0083.JPG;1;0;0
dataset/2/PICT0084.JPG;1;0;0
dataset/2/PICT0085.JPG;0;0;1
dataset/2/PICT0086.JPG;0;0;1
dataset/2/PICT0087.JPG;0;0;1
dataset/2/PICT0088.JPG;0;0;1
dataset/2/PICT0089.JPG;0;0;1
dataset/2/PICT0090.JPG;0;0;1
dataset/2/PICT0091.JPG;1;0;0
dataset/2/PICT0092.JPG;1;0;0
dataset/2/PICT0093.JPG;1;0;0
dataset/2/PICT0094.JPG;1;0;0
dataset/2/PICT0095.JPG;1;0;0
dataset/2/PICT0096.JPG;1;0;0
dataset/2/PICT0097.JPG;0;1;0
dataset/2/PICT0098.JPG;0;1;0
dataset/2/PICT0099.JPG;0;1;0
dataset/2/PICT0100.JPG;1;0;0
dataset/2/PICT0101.JPG;1;0;0
dataset/2/PICT0102.JPG;0;1;0
dataset/2/PICT0103.JPG;1;0;0
dataset/2/PICT0104.JPG;1;0;0
dataset/2/PICT0105.JPG;1;0;0
dataset/2/PICT0106.JPG;1;0;0
dataset/2/PICT0107.JPG;1;0;0
dataset/2/PICT0108.JPG;1;0;0
dataset/2/PICT0109.JPG;0;1;0
dataset/2/PICT0110.JPG;0;1;0
dataset/2/PICT0111.JPG;0;1;0
dataset/2/PICT0112.JPG;0;1;0
dataset/2/PICT0113.JPG;0;1;0
dataset/2/PICT0114.JPG;0;1;0
dataset/2/PICT0115.JPG;0;1;0
dataset/2/PICT0116.JPG;0;1;0
dataset/2/PICT0117.JPG;0;1;0
dataset/2/PICT0118.JPG;0;0;1
dataset/2/PICT0119.JPG;0;0;1
dataset/2/PICT0120.JPG;0;0;1
dataset/2/PICT0121.JPG;0;0;1
dataset/2/PICT0122.JPG;0;0;1
dataset/2/PICT0123.JPG;0;0;1
dataset/2/PICT0124.JPG;0;0;1
dataset/2/PICT0125.JPG;0;0;1
dataset/2/PICT0126.JPG;0;0;1
dataset/2/PICT0127.JPG;0;0;1
dataset/2/PICT0128.JPG;0;0;1
dataset/2/PICT0129.JPG;0;0;1
dataset/2/PICT0130.JPG;0;0;1
dataset/2/PICT0131.JPG;0;0;1
dataset/2/PICT0132.JPG;0;0;1
dataset/2/PICT0133.JPG;0;1;0
dataset/2/PICT0134.JPG;0;1;0
dataset/2/PICT0135.JPG;0;1;0
dataset/2/PICT0136.JPG;0;0;1
dataset/2/PICT0137.JPG;0;0;1
dataset/2/PICT0138.JPG;0;0;1
dataset/2/PICT0139.JPG;0;0;1
dataset/2/PICT0140.JPG;0;0;1
dataset/2/PICT0141.JPG;0;0;1
dataset/2/PICT0142.JPG;1;0;0
dataset/2/PICT0143.JPG;1;0;0
dataset/2/PICT0144.JPG;1;0;0
dataset/2/PICT0145.JPG;1;0;0
dataset/2/PICT0146.JPG;1;0;0
dataset/2/PICT0147.JPG;1;0;0
dataset/2/PICT0148.JPG;1;0;0
dataset/2/PICT0149.JPG;1;0;0
dataset/2/PICT0150.JPG;1;0;0
dataset/2/PICT0151.JPG;0;1;0
dataset/2/PICT0152.JPG;0;1;0
dataset/2/PICT0153.JPG;0;1;0
dataset/2/PICT0154.JPG;1;0;0
dataset/2/PICT0155.JPG;1;0;0
dataset/2/PICT0156.JPG;1;0;0
dataset/2/PICT0157.JPG;0;1;0
dataset/2/PICT0158.JPG;0;1;0
dataset/2/PICT0159.JPG;0;1;0
dataset/2/PICT0160.JPG;0;1;0
dataset/2/PICT0161.JPG;0;1;0
dataset/2/PICT0162.JPG;0;1;0
dataset/2/PICT0163.JPG;0;1;0
dataset/2/PICT0164.JPG;0;1;0
dataset/2/PICT0165.JPG;0;1;0
dataset/2/PICT0166.JPG;0;1;0
dataset/2/PICT0167.JPG;0;0;1
dataset/2/PICT0168.JPG;0;0;1
dataset/2/PICT0169.JPG;0;0;1
dataset/2/PICT0170.JPG;0;0;1
dataset/2/PICT0171.JPG;0;0;1
dataset/2/PICT0172.JPG;0;0;1
dataset/2/PICT0173.JPG;0;0;1
dataset/2/PICT0174.JPG;0;0;1
dataset/2/PICT0175.JPG;1;0;0
dataset/2/PICT0176.JPG;1;0;0
dataset/2/PICT0177.JPG;1;0;0
dataset/2/PICT0178.JPG;1;0;0
dataset/2/PICT0179.JPG;1;0;0
dataset/2/PICT0180.JPG;1;0;0
dataset/2/PICT0181.JPG;1;0;0
dataset/2/PICT0182.JPG;1;0;0
dataset/2/PICT0183.JPG;1;0;0
dataset/2/PICT0184.JPG;1;0;0
dataset/2/PICT0185.JPG;0;1;0
dataset/2/PICT0186.JPG;0;1;0
dataset/2/PICT0187.JPG;1;0;0
dataset/2/PICT0188.JPG;1;0;0
dataset/2/PICT0189.JPG;1;0;0
dataset/2/PICT0190.JPG;0;1;0
dataset/2/PICT0191.JPG;0;1;0
dataset/2/PICT0192.JPG;0;1;0
dataset/2/PICT0193.JPG;1;0;0
dataset/2/PICT0194.JPG;0;1;0
dataset/2/PICT0195.JPG;0;1;0
dataset/2/PICT0196.JPG;0;1;0
dataset/2/PICT0197.JPG;0;1;0
dataset/2/PICT0198.JPG;0;1;0
dataset/2/PICT0199.JPG;0;0;1
dataset/2/PICT0200.JPG;0;0;1
dataset/2/PICT0201.JPG;0;0;1
dataset/2/PICT0202.JPG;0;0;1
dataset/2/PICT0203.JPG;0;0;1
dataset/2/PICT0204.JPG;0;0;1
dataset/2/PICT0205.JPG;1;0;0
dataset/2/PICT0206.JPG;0;1;0
dataset/2/PICT0207.JPG;0;1;0
dataset/2/PICT0208.JPG;0;0;1
dataset/2/PICT0209.JPG;0;0;1
dataset/2/PICT0210.JPG;0;0;1
dataset/2/PICT0211.JPG;1;0;0
dataset/2/PICT0212.JPG;1;0;0
dataset/2/PICT0213.JPG;1;0;0
dataset/2/PICT0214.JPG;1;0;0
dataset/2/PICT0215.JPG;1;0;0
dataset/2/PICT0216.JPG;1;0;0
dataset/2/PICT0217.JPG;0;1;0
dataset/2/PICT0218.JPG;0;1;0
dataset/2/PICT0219.JPG;0;1;0
dataset/2/PICT0220.JPG;1;0;0
dataset/2/PICT0221.JPG;1;0;0
dataset/2/PICT0222.JPG;1;0;0
dataset/2/PICT0223.JPG;0;0;1
dataset/2/PICT0224.JPG;0;1;0
dataset/2/PICT0225.JPG;0;1;0
dataset/2/PICT0226.JPG;0;1;0
dataset/2/PICT0227.JPG;0;1;0
dataset/2/PICT0228.JPG;0;1;0
dataset/2/PICT0229.JPG;0;1;0
dataset/2/PICT0230.JPG;0;1;0
dataset/2/PICT0231.JPG;0;1;0
dataset/2/PICT0232.JPG;0;0;1
dataset/2/PICT0233.JPG;0;0;1
dataset/2/PICT0234.JPG;0;1;0
dataset/2/PICT0235.JPG;0;1;0
dataset/2/PICT0236.JPG;0;1;0
dataset/2/PICT0237.JPG;0;1;0
dataset/2/PICT0238.JPG;1;0;0
dataset/2/PICT0239.JPG;1;0;0
dataset/2/PICT0240.JPG;1;0;0
dataset/2/PICT0241.JPG;0;1;0
dataset/2/PICT0242.JPG;0;1;0
dataset/2/PICT0243.JPG;0;1;0
dataset/2/PICT0244.JPG;0;1;0
dataset/2/PICT0245.JPG;0;1;0
dataset/2/PICT0246.JPG;0;1;0
dataset/2/PICT0247.JPG;0;1;0
dataset/2/PICT0248.JPG;0;1;0
dataset/2/PICT0249.JPG;0;1;0
dataset/2/PICT0250.JPG;0;1;0
dataset/2/PICT0251.JPG;0;1;0
dataset/2/PICT0252.JPG;0;1;0
dataset/2/PICT0253.JPG;0;0;1
dataset/2/PICT0254.JPG;0;0;1
dataset/2/PICT0255.JPG;0;0;1
dataset/2/PICT0256.JPG;0;1;0
dataset/2/PICT0257.JPG;0;1;0
dataset/2/PICT0258.JPG;0;1;0
dataset/2/PICT0259.JPG;0;1;0
dataset/2/PICT0260.JPG;0;1;0
dataset/2/PICT0261.JPG;0;1;0
dataset/2/PICT0262.JPG;1;0;0
dataset/2/PICT0263.JPG;1;0;0
dataset/2/PICT0264.JPG;1;0;0
dataset/2/PICT0265.JPG;0;1;0
dataset/2/PICT0266.JPG;0;0;1
dataset/2/PICT0267.JPG;0;1;0
dataset/2/PICT0268.JPG;0;1;0
dataset/2/PICT0269.JPG;0;1;0
dataset/2/PICT0270.JPG;0;1;0
dataset/2/PICT0271.JPG;0;1;0
dataset/2/PICT0272.JPG;1;0;0
dataset/2/PICT0273.JPG;1;0;0
dataset/2/PICT0274.JPG;0;1;0
dataset/2/PICT0275.JPG;1;0;0
dataset/2/PICT0276.JPG;1;0;0
dataset/2/PICT0277.JPG;0;1;0
dataset/2/PICT0278.JPG;1;0;0
dataset/2/PICT0279.JPG;0;1;0
dataset/2/PICT0280.JPG;0;1;0
dataset/2/PICT0281.JPG;0;1;0
dataset/2/PICT0282.JPG;0;1;0
dataset/2/PICT0283.JPG;0;1;0
dataset/2/PICT0284.JPG;0;1;0
dataset/2/PICT0285.JPG;0;1;0
dataset/2/PICT0286.JPG;1;0;0
dataset/2/PICT0287.JPG;1;0;0
dataset/2/PICT0288.JPG;1;0;0
dataset/2/PICT0289.JPG;0;1;0
dataset/2/PICT0290.JPG;1;0;0
dataset/2/PICT0291.JPG;0;1;0
dataset/2/PICT0292.JPG;0;1;0
dataset/2/PICT0293.JPG;0;1;0
dataset/2/PICT0294.JPG;0;1;0
dataset/2/PICT0295.JPG;1;0;0
dataset/2/PICT0296.JPG;0;1;0
dataset/2/PICT0297.JPG;0;1;0
dataset/2/PICT0298.JPG;1;0;0
dataset/2/PICT0299.JPG;1;0;0
dataset/2/PICT0300.JPG;1;0;0
dataset/2/PICT0301.JPG;0;1;0
dataset/2/PICT0302.JPG;0;1;0
dataset/2/PICT0303.JPG;0;1;0
dataset/2/PICT0304.JPG;0;1;0
dataset/2/PICT0305.JPG;0;1;0
dataset/2/PICT0306.JPG;0;1;0
dataset/2/PICT0307.JPG;0;1;0
dataset/2/PICT0308.JPG;0;1;0
dataset/2/PICT0309.JPG;0;1;0
dataset/2/PICT0310.JPG;1;0;0
dataset/2/PICT0311.JPG;1;0;0
dataset/2/PICT0312.JPG;1;0;0
dataset/2/PICT0314.JPG;1;0;0
dataset/2/PICT0315.JPG;1;0;0
dataset/2/PICT0316.JPG;0;1;0
dataset/2/PICT0317.JPG;0;1;0
dataset/2/PICT0318.JPG;0;1;0
dataset/2/PICT0319.JPG;0;1;0
dataset/2/PICT0320.JPG;0;1;0
dataset/2/PICT0321.JPG;0;1;0
dataset/2/PICT0322.JPG;0;1;0
dataset/2/PICT0323.JPG;0;1;0
dataset/2/PICT0324.JPG;0;1;0
dataset/2/PICT0325.JPG;0;1;0
dataset/2/PICT0326.JPG;0;1;0
dataset/2/PICT0327.JPG;0;1;0
dataset/2/PICT0328.JPG;0;1;0
dataset/2/PICT0329.JPG;0;1;0
dataset/2/PICT0330.JPG;0;1;0
dataset/2/PICT0331.JPG;1;0;0
dataset/2/PICT0332.JPG;1;0;0
dataset/2/PICT0333.JPG;1;0;0
dataset/2/PICT0334.JPG;0;1;0
dataset/2/PICT0335.JPG;0;1;0
dataset/2/PICT0336.JPG;0;1;0
dataset/2/PICT0337.JPG;0;1;0
dataset/2/PICT0338.JPG;0;1;0
dataset/2/PICT0339.JPG;0;1;0
dataset/2/PICT0340.JPG;1;0;0
dataset/2/PICT0341.JPG;1;0;0
dataset/2/PICT0342.JPG;1;0;0
dataset/2/PICT0343.JPG;1;0;0
dataset/2/PICT0344.JPG;1;0;0
dataset/2/PICT0345.JPG;1;0;0
dataset/2/PICT0346.JPG;0;1;0
dataset/2/PICT0347.JPG;0;0;1
dataset/2/PICT0348.JPG;0;0;1
dataset/2/PICT0349.JPG;0;1;0
dataset/2/PICT0350.JPG;0;1;0
dataset/2/PICT0351.JPG;0;1;0
dataset/2/PICT0352.JPG;1;0;0
dataset/2/PICT0353.JPG;1;0;0
dataset/2/PICT0354.JPG;1;0;0
dataset/2/PICT0355.JPG;1;0;0
dataset/2/PICT0356.JPG;1;0;0
dataset/2/PICT0357.JPG;1;0;0
